id,name,created_at,updated_at
12334105,Shopin1901,2010-12-10,2011-12-04
12334112,Candisart,2009-05-30,2010-08-29
12334113,MiniatureBikez,2010-03-30,2013-01-21
12334115,LolaMarleys,2008-06-09,2015-04-16
12334123,Keckenbauer,2010-07-15,2012-07-25
12334132,perlesemoi,2009-03-21,2014-05-19
12334135,GoldenRayPress,2011-12-13,2012-04-16
12334141,jejum,2007-06-25,2015-09-09
12334144,Urcase17,2000-03-28,2006-03-25
12334145,BowlsByChris,2003-01-14,2005-03-11
12334146,MotankiDarena,2006-02-04,2016-02-01
12334149,TheLilPinkBowtique,2004-11-19,2014-01-17
12334155,DesignerEstore,2013-01-16,2014-02-17
12334159,SassyStrangeArt,2002-11-18,2007-10-09
12334160,byMarieinLondon,2009-01-18,2011-05-04
12334165,JUSTEmonsters,2009-12-25,2013-11-25
12334174,Uniford,2000-01-26,2002-01-19
12334176,thepurplepenshop,2008-12-20,2012-06-25
12334183,handicraftcallery,2002-03-30,2012-05-18
12334185,Madewithgitterxx,2000-09-22,2011-07-20
12334189,JacquieMann,2003-11-09,2013-01-12
12334193,TheHamAndRat,2011-10-09,2015-06-19
12334194,Lnjewelscreation,2002-01-10,2016-02-20
12334195,FlavienCouche,2001-06-24,2002-02-26
12334202,VectorCoast,2006-07-15,2007-12-05
12334207,BloominScents,2004-02-26,2012-08-03
12334208,GJGemology,2002-12-31,2006-06-26
12334213,MuttisStrickwaren,2006-08-01,2009-05-22
12334220,CottonBeeWraps,2006-04-03,2016-02-10
12334223,Snewzy,2015-10-25,2015-11-22
12334228,ElisabettaComotto,2005-05-19,2015-03-28
12334230,Hatsbybz,2002-10-24,2011-09-05
12334234,Princessfrankknits,2002-09-22,2010-01-25
12334235,WellnessNeelsen,2002-06-11,2011-12-10
12334236,GiftOfFelt,2010-03-23,2010-05-16
12334246,Corbeilwood,2003-05-06,2005-09-02
12334257,Woodenpenshop,2011-07-19,2014-06-04
12334261,esellermart,2008-03-14,2015-02-15
12334264,LunaGuatemala,2013-02-08,2013-08-30
12334266,FlyingLoaf,2001-03-07,2004-10-11
12334269,TeeTeeTieDye,2011-08-26,2013-02-01
12334271,TheAssemblyRooms,2015-02-21,2015-11-25
12334275,BrattyGirlGems,2014-01-18,2014-11-18
12334277,tmsDOM,2004-04-20,2009-08-04
12334280,MomsTshirts,2014-05-30,2016-02-25
12334281,justMstyle,2000-01-10,2003-01-24
12334284,CERAMICANDCO,2002-04-08,2015-06-05
12334289,outletEsteCeramiche,2010-05-21,2010-07-15
12334296,RedefinedArt84,2013-07-15,2014-05-06
12334299,ZazaBoutiqueShop,2010-10-17,2015-01-06
12334301,charlottewithlove,2011-02-20,2015-01-29
12334302,littledorisdesigns,2007-09-08,2011-11-07
12334303,SLHandmades,2000-04-02,2011-11-19
12334305,elkeyhandmade,2006-03-18,2008-09-11
12334315,Soudoveshop,2007-11-18,2010-04-23
12334319,dansoilpaintings,2001-11-25,2014-04-18
12334324,McGillsMetalAndArt,2000-03-24,2000-04-09
12334326,MMVinyl,2013-05-22,2013-10-20
12334333,wholesalergemstones,2001-03-09,2007-04-24
12334343,matthewbritts,2013-09-29,2013-10-01
12334346,MadFineJewelryLine,2001-04-19,2013-09-19
12334347,EkaterinaPa,2006-08-07,2015-10-11
12334348,WroughtiesCustomIron,2001-12-14,2002-04-10
12334353,fronishair,2013-01-19,2013-12-24
12334360,Natsweet2015,2007-11-05,2012-08-04
12334361,TheWoodchopDesign,2005-07-27,2011-06-27
12334364,ToThePoints,2016-01-11,2016-01-24
12334365,2MAKERSMARKET,2015-03-19,2015-04-09
12334371,homiehandmade,2006-10-31,2013-11-07
12334372,JewelrySpotByElaine,2004-02-21,2010-03-28
12334382,DizzyUnicornDesigns,2007-09-02,2010-11-13
12334389,WoodleyShop,2001-07-06,2003-03-16
12334393,PegAwayPegBoards,2010-02-14,2014-08-26
12334395,Jesuisunponey,2011-02-25,2011-11-10
12334397,BLAISEPANDORA,2000-10-10,2001-05-13
12334400,RRresale2016,2004-01-14,2010-10-25
12334401,Witoldart,2009-11-06,2016-02-23
12334403,IOleynikova,2012-12-30,2015-04-27
12334404,MyZinglet,2005-11-21,2014-11-14
12334405,Sikaf,2001-03-07,2013-11-30
12334407,MisisJuliBebe,2010-01-11,2011-09-24
12334411,leaburrot,2006-02-25,2013-05-28
12334413,kiDsGarMenT,2007-08-17,2008-02-07
12334420,EndlessCirclesHoops,2000-12-20,2007-05-27
12334423,ExecutiveGiftShoppe,2015-04-07,2015-11-10
12334434,TiffsOscPandora,2015-03-02,2015-06-10
12334442,isincerely88,2005-05-20,2008-01-05
12334443,FADIBEKA,2011-01-02,2015-11-08
12334444,Frockettoya,2014-02-01,2015-08-08
12334454,MaidichaToos,2012-03-02,2015-08-23
12334455,MyouBijou,2005-04-22,2012-02-22
12334460,CHALKLEYSWOODSHOP,2007-05-05,2009-06-21
12334471,Hollipoop,2012-12-25,2014-12-20
12334473,FrenchiezShop,2014-08-13,2015-06-26
12334478,DenesDoorDecor,2004-12-20,2015-06-23
12334488,OwlMuffs,2005-05-06,2014-09-27
12334490,AnnaWilsonArt,2003-01-31,2006-12-10
12334496,ElaineClausonArt,2001-12-09,2007-10-17
12334499,Madefromresin,2007-07-15,2014-04-11
12334510,DiscountDiva56,2014-08-20,2014-11-12
12334514,TheKnitBySusie,2004-01-25,2004-05-08
12334516,CECALInterior,2005-01-02,2008-01-19
12334521,CANNATHERAPYCO,2009-03-26,2016-01-28
12334522,SusansWearableArt,2011-06-26,2012-03-18
12334538,ADMerinoUnknown,2014-02-11,2015-07-29
12334541,charlottelinks,2011-03-10,2011-04-23
12334542,EllGe,2014-11-30,2015-05-30
12334553,HannahRDesign,2001-10-23,2002-12-28
12334556,GranadaFotoBaby,2011-03-30,2013-04-10
12334570,GrandpasOuthouse,2014-05-15,2015-09-24
12334578,IconiqueDesign,2004-05-31,2010-07-05
12334592,JAtkinsonPhotography,2000-06-15,2013-11-25
12334601,CoastalCreations16,2005-12-23,2013-11-06
12334609,RachelRonnieDesigns,2014-04-12,2015-08-02
12334613,TrollSS,2002-06-11,2005-05-14
12334614,Cashcollections,2006-04-03,2012-08-24
12334628,MittenUpCanada,2007-10-16,2009-06-30
12334633,TurkishHands,2004-12-28,2005-11-04
12334634,HoggardWoodworks,2001-06-28,2012-07-05
12334662,JustReallyCoolStuff,2005-12-03,2010-10-25
12334669,BEEEPS,2012-08-31,2014-08-02
12334670,KennyDeaneVinylArt,2003-04-24,2013-01-13
12334671,KewtieKuddlers,2006-04-17,2014-05-27
12334672,BORNinDUST,2001-05-31,2014-09-11
12334684,iheartwooddecor,2000-05-19,2015-12-26
12334687,ByAladdin,2014-05-24,2015-01-28
12334688,memolecanterina,2003-07-24,2007-07-21
12334703,TalleyLites,2003-05-19,2004-05-13
12334708,Christiencollection2,2014-04-03,2015-06-07
12334713,BLDesign502,2011-06-10,2011-10-07
12334716,Interloodio,2007-10-21,2009-04-02
12334719,DresEtchyDesigns,2015-04-27,2015-07-28
12334727,aperfectmessCandleCo,2013-01-25,2014-11-09
12334738,EvergladesTrashArt,2001-11-27,2010-08-19
12334742,Mageenta,2007-08-17,2011-07-27
12334753,CenTexCustomCoatings,2009-06-07,2014-06-22
12334755,UleleKnitting,2012-09-23,2014-07-22
12334757,VirginVirgo,2003-12-22,2015-12-10
12334768,Project378Baby,2007-01-23,2012-12-17
12334771,hendmadethings,2008-01-16,2015-12-13
12334772,NERDGEEKs,2007-08-12,2015-04-13
12334780,LeichtigkeitundLiebe,2000-02-24,2007-09-14
12334781,StonenJade,2010-09-04,2012-03-06
12334783,JustSprayPainted,2001-11-03,2004-04-28
12334788,dvinebasketsbybrenda,2000-05-28,2001-05-17
12334795,BarreSoHard,2004-02-04,2006-06-20
12334807,PaulMagi,2010-06-26,2012-04-25
12334810,CrochetHookTreasures,2006-03-03,2009-03-17
12334811,deConstructors,2002-07-10,2012-01-31
12334812,Blankiesandfriends,2003-04-22,2008-09-11
12334814,metasstore,2007-03-05,2013-07-24
12334815,Dickensinkprintables,2011-06-20,2011-11-24
12334817,PlusEtsy,2001-02-14,2008-03-02
12334828,LaserPerm,2001-09-25,2008-12-22
12334832,Idagarden,2009-05-20,2014-09-11
12334838,UpJoy,2009-10-20,2010-01-11
12334839,AnyArtGlass,2000-05-17,2005-05-21
12334842,AaliyahGraceBoutique,2006-10-13,2012-08-05
12334843,TeriTrendyTreasures,2007-08-31,2012-07-18
12334846,BGwoodenboxes,2011-12-16,2015-12-20
12334850,JillyBeanNutButters,2010-10-23,2011-07-24
12334857,kievbags,2014-06-27,2014-07-07
12334859,MariQKdes,2002-04-11,2012-07-18
12334861,BoutiqueEleanor,2001-06-05,2005-06-03
12334863,SimchaCentralShop,2008-04-22,2013-02-14
12334867,RULBAYO,2003-08-21,2015-07-16
12334871,TheSequinnedOwl,2005-10-09,2013-06-01
12334873,MacrameDreamerHome,2013-07-11,2014-02-22
12334875,77PINS,2010-01-06,2011-04-14
12334876,PaintedandWaxed,2004-03-07,2010-11-30
12334894,STTUBCo,2002-11-25,2014-01-25
12334895,Momentsmadeup,2006-03-26,2013-01-19
12334900,JustBownAround,2003-12-06,2013-04-30
12334903,EcnaDanceRoom,2015-09-25,2015-11-15
12334904,JoyInStyle,2013-02-15,2014-07-07
12334912,CustomStringFling,2008-07-05,2013-03-18
12334930,FunGuardian,2015-11-17,2016-01-06
12334935,Filaraky,2007-11-20,2013-07-23
12334941,Ironwoodcreation,2001-11-06,2003-12-27
12334942,GiveEmPropsStudio,2000-04-19,2010-04-14
12334951,JamesCByrneART,2010-09-04,2011-04-12
12334960,beautifulrabbit,2011-05-28,2015-12-30
12334969,RetroBitsNBobs,2001-06-10,2002-01-21
12334971,BerzerkBeesHoney,2011-06-05,2013-11-25
12334984,ShopDixieChicken,2001-01-18,2008-06-26
12334986,Necklacemaniac,2009-10-08,2015-05-26
12334994,Quadrantes,2004-12-14,2007-05-10
12334995,MrVintageFurniture,2002-12-11,2003-02-10
12335000,TheLittleGlitter,2002-03-10,2007-05-11
12335009,SewCwtch,2001-06-05,2012-01-04
12335018,mountainfaithful,2009-11-12,2012-10-22
12335021,BeBraveShop,2007-01-06,2008-01-30
12335024,Impossiblemuseum,2007-04-24,2016-02-10
12335028,WildFennelStudios,2013-03-26,2015-03-16
12335040,STEPHSASSYSNAPS,2014-10-24,2016-02-25
12335041,Elfsnfairies,2011-05-10,2015-07-10
12335049,RedLipCustoms,2006-10-08,2012-09-15
12335051,fasinatingvintage,2014-02-10,2015-01-27
12335055,shescraftyinlondon,2015-08-09,2015-09-05
12335057,OneLovePhotographyIN,2005-04-14,2014-01-04
12335070,efiraz,2013-08-03,2016-02-21
12335072,Yaktemi,2008-01-21,2012-01-10
12335073,Zalory,2014-12-28,2015-03-01
12335080,HooksforBooks,2008-04-26,2015-11-01
12335089,SWISSIonenSchmuck,2011-10-21,2014-06-15
12335093,ForTheLoveOfCop,2004-02-23,2005-08-13
12335099,silvia2knit,2015-07-03,2015-07-20
12335101,TinyHatsbyHG,2001-09-19,2004-11-24
12335104,AdventureEmporium,2001-10-07,2009-05-11
12335105,SublimAtelier,2000-01-12,2001-04-10
12335115,DeLaHayePhotoArt,2011-03-13,2013-02-22
12335119,Filofascination,2011-10-03,2014-11-23
12335128,LibellaNovella,2009-09-02,2014-04-05
12335149,TKDisenosUrbanos,2011-04-23,2013-07-18
12335150,FrenchyTrendy,2012-08-04,2015-04-25
12335152,dazzlingdivallc,2002-11-13,2014-12-06
12335165,5Wbrand,2013-09-12,2014-08-13
12335167,Annasuiizi,2005-07-11,2006-06-16
12335178,HelmicksBeardOils,2010-08-10,2012-09-30
12335196,GlassFigurineArt,2015-03-17,2015-07-05
12335204,DressedInMusic,2012-06-24,2016-01-04
12335211,ExpertCeramic,2014-05-28,2014-08-08
12335213,shop20161,2007-05-31,2008-10-04
12335215,HooknSpindle,2011-12-16,2013-02-08
12335219,3DKlabouter,2004-10-06,2008-07-04
12335227,FurnishingsReDefined,2004-12-27,2016-01-02
12335237,GaLiHandmadeStore,2006-02-23,2013-05-20
12335246,Beltsbywesley,2009-05-24,2009-09-24
12335252,habichschon,2011-11-13,2012-02-23
12335254,Craftynicnakss,2002-08-09,2010-09-30
12335264,coolzish,2014-03-31,2015-07-21
12335280,ShopTimeCreations,2011-06-23,2012-04-27
12335283,craftyminxes,2012-11-14,2014-02-05
12335297,Art2Livin,2001-11-22,2012-04-28
12335311,LilLouises,2006-04-13,2011-10-06
12335314,beadeliciousdarling,2013-11-08,2015-11-11
12335319,MakosMomsBlanketShop,2009-09-12,2012-01-13
12335329,Sewuniquedivas,2008-08-15,2015-04-19
12335335,VickyDumont7,2002-12-08,2015-04-03
12335337,ashleighpaynes,2010-04-27,2012-10-10
12335339,Naturemania,2011-09-05,2012-09-29
12335345,LanConPaintedGlass,2012-11-30,2013-12-25
12335351,DenyleGuitars,2011-11-05,2012-11-27
12335352,Cheerhairwear,2004-11-17,2009-10-21
12335356,Plaisirsoie,2015-04-19,2015-08-25
12335359,Fatamunas,2001-05-17,2016-01-12
12335370,EudoraCrafts,2005-07-28,2007-07-21
12335378,RussianGoodsLife,2006-01-27,2010-02-28
12335383,SofiiaStrykovaArt,2002-03-25,2014-09-07
12335387,HoloyBohoTinker,2011-01-28,2014-06-01
12335393,Printsunlimited,2003-12-15,2009-05-29
12335402,9LivesJewelry,2009-02-22,2010-03-05
12335403,GrandmaRootHomesewn,2014-11-27,2015-06-18
12335405,Mimisxx,2010-12-27,2013-08-17
12335408,koobiekoos,2004-12-02,2011-08-14
12335409,CoolArtPots,2004-06-30,2005-04-13
12335417,Chemisonodimenticato,2005-01-16,2007-04-01
12335420,MandyBlackShop,2014-11-01,2015-04-26
12335426,NaturallyRewarding,2001-03-06,2001-04-20
12335440,kikipt56,2010-02-20,2011-02-18
12335458,babypantry,2005-03-22,2008-11-02
12335466,bookandcraft,2001-02-10,2009-01-09
12335467,InitialDesignsByT,2009-12-20,2015-05-07
12335471,Lesettemeraviglie,2006-02-09,2012-01-25
12335478,ArtDerbisheva,2001-11-06,2012-10-29
12335480,BoDaisyClothing,2001-02-18,2013-02-11
12335487,FairyTaleLetters09,2007-08-27,2007-10-30
12335493,RusticCowgirl21,2008-09-19,2015-01-17
12335504,twistedupwraps,2001-11-04,2014-12-11
12335519,TIGHTpinch,2012-10-04,2015-11-14
12335521,IvyMoonCat,2002-11-01,2014-09-15
12335523,RosesGardening,2012-07-09,2012-08-05
12335524,IsisMoonArtesanias,2010-07-18,2012-05-06
12335527,PaperShowers,2011-10-26,2015-08-02
12335533,HandmadeByKellyJ,2007-04-29,2014-09-05
12335541,Teeforbeardedmen,2012-10-18,2015-05-12
12335544,WhimsyandWill,2000-07-12,2015-03-16
12335545,CosmicGemBoutique,2015-10-29,2016-01-31
12335557,craftyk21,2004-12-15,2012-10-22
12335558,OurBestiary,2008-07-27,2014-01-02
12335560,LoganNortonPhotos,2008-05-31,2015-10-17
12335565,FirlefanzFabrik,2010-08-07,2012-12-08
12335567,emiluva,2005-10-18,2012-02-24
12335573,retropostershop,2000-04-17,2005-03-20
12335582,BeachComaUK,2009-03-05,2009-05-05
12335591,DashaandSasha,2000-02-07,2003-06-04
12335596,IronCompassFlight,2000-07-18,2013-11-25
12335598,PatinationDesign,2013-03-28,2015-10-21
12335601,PaytonsSupplies,2005-05-15,2006-04-10
12335602,ShopAtPinkFlamingo,2001-07-03,2011-09-17
12335617,JanetsGlassAndCraft,2006-10-05,2008-04-05
12335659,DarbiDesigns,2011-12-25,2013-05-10
12335660,CustomPatchesOnline,2013-01-10,2015-02-14
12335662,LMNLArtstudio,2010-09-03,2012-06-09
12335663,FehlingerGraphics,2011-08-14,2012-05-17
12335667,Simplyprimitive1,2015-05-14,2016-02-23
12335675,Duanesphotography,2011-12-16,2013-02-17
12335677,Filiy,2012-10-10,2013-05-13
12335684,SilhouetteandSwirl,2012-08-29,2013-03-30
12335690,NaturePhotography23,2003-08-10,2006-12-25
12335701,Braceyourselfs,2008-11-16,2010-12-13
12335705,SignGuyMBandPA,2006-03-28,2008-07-08
12335716,DejaVuelry,2003-10-30,2015-12-02
12335717,MARTinaNOcreations,2001-11-09,2010-07-14
12335722,WoolKnittingGranny,2005-09-18,2011-07-20
12335726,LeatherMinn,2009-09-03,2014-08-12
12335729,Trilquiz,2015-06-29,2015-12-24
12335731,NaturesSudz,2006-05-28,2015-11-27
12335739,newshoesnewyou,2008-05-24,2010-05-16
12335747,SHOPAMO,2005-09-30,2014-09-22
12335776,AgeofSplendor,2001-06-15,2014-08-04
12335778,lunaticsarealive,2003-11-24,2008-11-20
12335805,CrochetLoveMemories,2001-10-24,2012-08-23
12335807,RoyalwoodsStudio,2001-05-31,2015-11-11
12335813,PrismaticSaturation,2000-11-03,2014-07-12
12335819,BlaaRose,2005-07-25,2016-02-22
12335821,OdinsArmourSteel,2002-03-19,2004-06-12
12335825,TopeebySardee,2008-05-14,2009-12-06
12335842,AlchemyandRoot,2012-04-26,2014-03-16
12335846,HeritageTribeDesigns,2007-12-17,2011-07-23
12335853,SeeyouSoonthen,2011-10-16,2011-11-07
12335856,SweetheartDarling,2011-03-08,2011-04-06
12335857,KatesPlot,2007-04-13,2014-12-07
12335860,Laboratori,2009-04-10,2014-03-04
12335863,WhatTheDoctorOrdered,2008-07-30,2008-10-29
12335877,ArgyllHandmadeGifts,2009-03-19,2012-03-18
12335885,AslanZebra,2002-04-04,2014-05-12
12335894,MikaMoos,2002-10-21,2014-06-08
12335902,katieelizabethcrafts,2009-09-06,2010-09-13
12335916,acidyoshi,2003-10-27,2010-11-25
12335918,PhilPalmPhotography,2001-11-29,2009-02-27
12335927,SewThumbsUp,2002-09-02,2015-05-02
12335931,NoirAssassin,2001-06-04,2007-12-08
12335938,IanLudiBoards,2013-03-07,2015-12-29
12335941,MrsMechelleSingleton,2012-08-14,2013-05-14
12335942,printomaniac,2013-08-07,2014-02-28
12335947,BodyTropics,2012-07-19,2014-12-04
12335951,DansCommodoties,2014-10-13,2015-03-05
12335952,BarbarasEssentials,2004-08-06,2006-11-21
12335955,JiltedGems,2013-08-23,2013-11-07
12335961,sparetimecrocheter,2008-05-17,2009-05-28
12335963,IntlMilitaryAntiques,2014-08-17,2015-01-14
12335967,ElementalStars,2013-07-07,2013-07-20
12335971,ivegreenleaves,2001-10-22,2010-05-16
12335975,kawaiianshop,2000-01-21,2015-11-30
12335989,MyProPrintStore,2002-02-02,2015-06-04
12336005,ApplebyMetalArts,2004-09-11,2009-04-04
12336020,MoussEssence,2009-04-02,2012-08-31
12336021,ElisabettaPirola,2001-09-02,2014-04-13
12336035,VIXU,2006-08-11,2007-12-27
12336045,JOrganics,2010-02-18,2011-06-09
12336050,DivineDesignCaroline,2004-05-01,2006-12-14
12336053,IsauraIzquierdo,2015-07-13,2015-10-25
12336066,MagistraRosie,2005-12-09,2006-04-14
12336069,StatesmanLeather,2015-12-18,2016-02-03
12336073,HBriggsPhotography,2001-11-18,2006-01-31
12336074,SunshineBeads16,2014-01-17,2015-12-15
12336075,LHCGlassCreations,2012-09-22,2015-06-02
12336079,enchantmentproduct,2002-05-05,2014-10-21
12336081,perfectbrooches,2012-04-22,2013-10-07
12336086,BandCCeramics,2000-01-28,2006-08-11
12336094,WickedlyGoodPotions,2010-12-11,2011-11-19
12336097,carrettiecarriole,2013-10-16,2015-12-07
12336098,alysagallery,2013-04-14,2016-01-19
12336111,BrokenArrowSApparel,2000-09-04,2010-03-07
12336113,WoodlandGroup,2014-10-23,2015-07-19
12336114,RinyiDesign,2000-02-29,2004-10-18
12336121,EtsyGB,2001-04-03,2013-06-13
12336134,PretzelPrintables,2009-06-18,2011-08-20
12336143,ArtfulCoasters,2016-01-10,2016-02-03
12336148,ThreeHooksAndYarn,2011-09-04,2015-02-26
12336161,twosquaredblocks,2009-07-02,2011-10-19
12336163,RnRGuitarPicks,2009-06-28,2013-10-18
12336165,PackingMonkey,2015-07-02,2015-07-28
12336166,PipNSqueaks,2001-12-08,2009-11-27
12336167,NicKnacItems,2014-05-08,2015-04-04
12336175,KAMNAI,2015-12-30,2016-01-03
12336186,Leidytba,2007-10-27,2009-01-02
12336189,Bohopieces,2007-08-13,2012-01-07
12336191,CuppersCandyWraps,2000-02-13,2004-01-27
12336195,EccentriCollecting,2002-06-04,2004-12-29
12336198,RigRanch,2008-08-31,2012-11-16
12336222,RussSouvenirs,2001-01-27,2015-09-26
12336225,LemonBeesign,2015-08-11,2015-11-13
12336234,LilianCarlyle,2009-07-27,2011-01-15
12336238,Moonamoor,2013-05-08,2014-04-27
12336248,Bishopswoodcraft,2002-04-21,2015-10-29
12336251,DosHippieChics,2006-03-20,2009-05-30
12336257,MillieMacDougallArt,2005-03-27,2006-07-19
12336266,SmellyHippieSoaps,2003-09-03,2007-03-02
12336268,GalvanizedLighting,2007-04-17,2011-02-26
12336289,SoftAngelGifts,2013-02-22,2014-07-08
12336292,ThreadNeedleE,2001-01-30,2014-12-16
12336294,LilacGypsylittles1,2004-01-13,2009-07-19
12336299,MoxieCollection,2006-09-02,2010-07-27
12336310,NicholasLeatherWorld,2010-08-12,2016-02-09
12336326,Beads4U8,2004-09-23,2014-09-09
12336331,CambodiaWood,2009-06-17,2010-08-02
12336339,CynthiaOriginal,2003-02-01,2010-05-26
12336342,safetygear,2011-09-28,2014-05-21
12336362,SeguinotsFoxyStuff,2009-08-11,2015-04-16
12336363,EcoFireplace,2010-04-04,2014-07-25
12336364,MERCtextile,2001-03-25,2007-05-01
12336372,MardiGras2016,2003-09-27,2010-05-23
12336389,VintageCanvasPosters,2003-04-01,2005-07-04
12336392,LivingArtspace,2007-02-05,2015-08-11
12336395,ACWBanners,2008-02-09,2011-07-27
12336411,MacDonaldWoodworks,2014-10-02,2015-04-26
12336421,Kamyzz,2004-11-23,2005-05-20
12336430,DecadentCreationsbyJ,2000-02-16,2007-07-24
12336431,beadsbypj,2002-12-07,2010-09-30
12336445,funtimeworkshop,2000-03-12,2003-08-16
12336449,MattsNerdShoppe,2001-09-16,2009-10-27
12336469,munkisoaptokens,2008-05-06,2010-08-04
12336477,CastrosCrafts,2010-03-10,2010-10-11
12336484,GowerHeritageCentre,2012-08-09,2014-03-28
12336492,KhristinaArt,2014-07-08,2015-11-11
12336497,KnicelyDoneByMichael,2000-11-01,2010-03-22
12336515,MarkThomasJewelry,2007-04-24,2015-08-11
12336525,HandSpiredCreations,2000-02-04,2005-08-22
12336529,simoneri,2007-06-21,2013-07-15
12336536,custommen,2008-10-19,2009-05-12
12336545,MidnightOilCrochet,2006-10-14,2007-01-08
12336555,AAIlustracionyFoto,2015-05-18,2015-11-26
12336556,Shopkarissa,2005-12-13,2007-09-13
12336587,ThatsSewMolley,2011-11-08,2014-06-09
12336592,aperturi,2007-04-18,2007-11-19
12336595,ColesChinaCabinet,2010-11-12,2016-02-19
12336607,TheHairFader,2016-01-09,2016-02-06
12336611,GriffithsArtService,2007-09-05,2014-01-13
12336617,FullyFashionedKnits,2015-10-06,2016-01-10
12336622,rakimagery,2010-08-13,2013-12-01
12336642,southernncreations,2006-10-24,2015-04-03
12336652,Miamousesbirdhouses,2015-05-05,2015-10-15
12336677,KamLandSoapShop,2008-09-07,2011-11-16
12336683,NerdyGear,2000-04-01,2001-12-30
12336711,angelacandlesabeauty,2012-03-16,2013-06-15
12336727,productsbynikole,2001-04-26,2009-01-17
12336730,OceanSmells,2013-12-19,2014-10-10
12336739,RanaParvaShop,2007-07-05,2008-11-23
12336748,OffLeashJewelry,2003-01-02,2007-12-14
12336749,DeschampsDesign,2014-07-20,2015-10-02
12336753,Gracebythebook,2001-09-09,2011-09-06
12336801,cirinosbloodymary,2000-11-20,2003-03-12
12336819,Hannahrefaatdesign,2004-09-23,2012-06-28
12336821,CAMsCustomArt,2004-10-15,2012-02-15
12336837,HappyPrettyHome,2015-11-10,2016-01-29
12336851,LittleGlamourBling,2008-06-03,2012-09-30
12336867,MyDream89,2014-08-16,2016-01-10
12336889,SouthernComfrtCndles,2003-09-27,2004-06-30
12336927,TheCullenChronicles,2013-04-25,2015-04-15
12336935,CadeauJudaica,2003-09-29,2006-02-15
12336957,DivineLoveSigrun,2002-02-26,2003-06-06
12336965,JewelleAccessories,2010-02-13,2011-12-29
12336973,CurvaciousGlam,2005-02-24,2005-02-27
12336983,thesageandspirit,2005-09-25,2010-08-01
12337005,cristinpowersART,2015-02-10,2015-04-18
12337011,Pillowtalkdartmoor,2004-10-06,2014-12-04
12337041,MilestonesForBaby,2008-05-30,2008-08-16
12337105,mugglifeyeg,2009-06-25,2014-11-20
12337139,NicSueDesigns,2014-10-02,2015-12-12
12337145,JaimeLeeLightleArt,2002-04-14,2012-03-01
12337163,JillMariedesigns51,2006-02-22,2007-11-05
12337171,Promotionalsearchltd,2011-07-09,2012-11-04
12337191,CreativeBounty,2014-12-28,2015-08-27
12337193,zuzulovevintage,2000-11-25,2002-03-27
12337199,fancybookart,2001-07-10,2007-10-09
12337207,GeorgiaFayeDesigns,2009-02-16,2014-04-11
12337209,bizuteriaNYC,2012-09-11,2014-01-28
12337211,LexKStyles,2002-11-19,2012-10-09
12337321,HeadyMamaCreations,2013-04-04,2013-11-23
12337339,LovesVariety,2003-07-14,2006-05-11
12337341,CoetographyPrints,2008-05-07,2011-11-05
12337409,cardsbymarykate,2002-09-23,2011-02-01
12337411,CJsDecor,2011-12-09,2016-01-08
